Title,Location,Remote,Company name,Company website,Verified,Apply URL
Staff Engineer (Frontend),"New York City, United States",False,Postman,https://www.postman.com,True,https://boards.greenhouse.io/postman/jobs/5785942003
Network Engineer,New York,False,Virtu,https://virtu.net,True,https://boards.greenhouse.io/virtu/jobs/4380411002
Local Reporting Network Fellow,"New York, New York, United States",False,ProPublica,https://propublica.org,False,https://boards.greenhouse.io/propublica/jobs/4346176006
"Software Engineer, Frontend","San Francisco, CA • New York, NY • United States",False,Figma,https://www.figma.com,True,https://boards.greenhouse.io/figma/jobs/5137808004
Software Engineering Manager ,New York,False,FanDuel,http://www.fanduel.com,True,https://www.fanduel.careers/open-positions?gh_jid=5532560
Software Engineer II,"NY, VT or ",True,EnergyHub,http://energyhub.com,False,https://www.energyhub.com/careers/job-listings?gh_jid=7312057002
"VP, Engineering","New York, New York",False,SeatGeek,https://seatgeek.com,True,https://seatgeek.com/jobs/5873673?gh_jid=5873673
IT Support Engineer,New York City (Hybrid),False,Attune,http://attune.co,False,https://boards.greenhouse.io/attune/jobs/5943344003
"Backend Software Engineer, Channels Foundation","New York City, NY",False,reddit,http://www.reddit.com/,True,https://boards.greenhouse.io/reddit/jobs/5875478
Senior IT Manager,"New York, New York, United States",False,MoneyLion,https://www.moneylion.com/,True,https://www.moneylion.com/careers-apply?gh_jid=5142119004
Sr. Platform Engineer,New York City or ,True,Galileo,https://galileo-camps.com,False,https://galileo.io/job-posting?gh_jid=7315026002
Platform Engineer,New York City or ,True,Galileo,https://galileo-camps.com,False,https://galileo.io/job-posting?gh_jid=7315028002
"Software Engineer, Search","New York, New York",False,Notion,https://www.notion.so,False,https://boards.greenhouse.io/notion/jobs/5650399003
"Senior Manager, Asset & IT Construction","New York, New York",False,Peloton,http://www.onepeloton.com,True,https://careers.onepeloton.com/en/all-jobs/?gh_jid=5855477
Escalation Support Engineer,"New York, NY",False,Retool,https://retool.com/,True,https://boards.greenhouse.io/retool/jobs/4384279005
Production Engineer,"San Francisco, CA • New York, NY • Seattle, WA • United States",False,Figma,https://www.figma.com,True,https://boards.greenhouse.io/figma/jobs/4903942004
Machine Learning Engineering Senior Manager,New York ,False,FanDuel,http://www.fanduel.com,True,https://www.fanduel.careers/open-positions?gh_jid=5870774
Value Engineering Manager - Telco,"New York, US, New York",False,Celonis,https://www.celonis.com/,True,https://boards.greenhouse.io/celonis/jobs/5892051003
Developer Advocate Intern,"New York, NY, United States",False,Ripple,http://ripple.com,True,https://ripple.com/careers/all-jobs/job/5844939?gh_jid=5844939
Value Engineering Manager  - Diversified Industries ,"New York, US, New York",False,Celonis,https://www.celonis.com/,True,https://boards.greenhouse.io/celonis/jobs/5892061003
Enterprise IT Desktop Support Engineer,New York,False,FanDuel,http://www.fanduel.com,True,https://www.fanduel.careers/open-positions?gh_jid=5869475
Senior Software Engineer - Machine Learning,"New York, US, New York",False,Celonis,https://www.celonis.com/,True,https://boards.greenhouse.io/celonis/jobs/5926807003
Senior Site Reliability Engineer - Edge Delivery,"New York City, NY",False,Fastly,http://www.fastly.com,True,https://www.fastly.com/about/jobs/apply/?gh_jid=5870282
Principal Software Engineer - Data Platform,"New York, NYC",False,Nextdoor,http://nextdoor.com,False,https://about.nextdoor.com/careers-list/?gh_jid=5871156
Principal Software Engineer - Control Systems,"New York City, NY",False,Fastly,http://www.fastly.com,True,https://www.fastly.com/about/jobs/apply/?gh_jid=5868024
"Senior Software Engineer, Data Infrastructure","New York City, NY",False,reddit,http://www.reddit.com/,True,https://boards.greenhouse.io/reddit/jobs/5872252
"2025 Private Equity, Infrastructure & Real Assets Summer Analyst",New York,False,StepStone,http://www.stepstone.com,False,https://www.stepstoneglobal.com/who-we-are/working-at-stepstone/careers/5866756?gh_jid=5866756
"Senior Software Engineer, Mobile ","SF, NYC - Hybrid",False,HOVER,http://hover.to,True,https://hover.to/job-posts/5861772/?gh_jid=5861772
Sr. IAM Engineer (GRC),"New York, NY OR US-",True,Vimeo,https://vimeo.com,True,https://boards.greenhouse.io/vimeo/jobs/5780221
Enterprise Security Engineer,New York,False,FanDuel,http://www.fanduel.com,True,https://www.fanduel.careers/open-positions?gh_jid=5549148
"Senior Software Engineer, iOS","New York, New York",False,Peloton,http://www.onepeloton.com,True,https://careers.onepeloton.com/en/all-jobs/?gh_jid=5861229
"Senior Director/Vice President, Engineering","San Francisco, CA, Washington, D.C., New York City, N.Y.,  (USA)",True,Truebill,https://www.truebill.com/,True,https://boards.greenhouse.io/truebill/jobs/5939325003
"Senior Data Engineer, Web3",New York City -  first in US,True,Circle,http://www.circle.com,False,https://boards.greenhouse.io/circle/jobs/7311099002
Security Engineer,"New York, New York, United States",False,CLEAR,http://clearme.com,False,https://boards.greenhouse.io/clear/jobs/5864746
"Staff Software Engineer, User Platform (Frontend)","New York, NY",False,Squarespace,http://www.squarespace.com,True,http://www.squarespace.com/about/careers?gh_jid=5863844
IT Associate,New York,False,Braze,https://www.braze.com/,True,https://boards.greenhouse.io/braze/jobs/5855899?gh_jid=5855899
Senior Data Engineer,"New York, New York",False,Peloton,http://www.onepeloton.com,True,https://careers.onepeloton.com/en/all-jobs/?gh_jid=5855650
"Manager, Software Engineering (Livegraph)","San Francisco, CA • New York, NY • Seattle, WA • United States",False,Figma,https://www.figma.com,True,https://boards.greenhouse.io/figma/jobs/5140371004
Staff Data Engineer - Security,New York,False,FanDuel,http://www.fanduel.com,True,https://www.fanduel.careers/open-positions?gh_jid=5862123
Software Engineer II,New York City -  first in US,True,Circle,http://www.circle.com,False,https://boards.greenhouse.io/circle/jobs/7304017002
Senior Staff DevOps Engineer,New York,False,FanDuel,http://www.fanduel.com,True,https://www.fanduel.careers/open-positions?gh_jid=5862292
Senior Software Engineer,New York City -  first in US,True,Circle,http://www.circle.com,False,https://boards.greenhouse.io/circle/jobs/7304102002
Senior Full-Stack Developer,"New York, New York ",False,April,http://designunion.me,False,https://boards.greenhouse.io/april/jobs/5142928004
"Engineering Manager, Software Infrastructure",NYC or ,True,Olo,https://www.olo.com,True,https://jobs.lever.co/olo/12974206-febd-4ce0-a911-70d81634e1a2?lever-source=stackshare.io/match
"Senior Software Engineer, Frontend - Core Frontsite","New York, NY",False,Squarespace,http://www.squarespace.com,True,http://www.squarespace.com/about/careers?gh_jid=5594076
"Director of Engineering - Reddit X, Marketplace","New York City, NY",False,reddit,http://www.reddit.com/,True,https://boards.greenhouse.io/reddit/jobs/5863011
Senior Machine Learning Engineer,"New York, New York",False,Cherre,http://cherre.com,True,https://jobs.lever.co/cherre/fdf87ecc-b1ca-4d6b-80c8-9c83cf3c3e43?lever-source=stackshare.io/match
Senior Data Quality Engineer,"New York, New York",False,Cherre,http://cherre.com,True,https://jobs.lever.co/cherre/270e8a89-65aa-4514-af67-14b923da2560?lever-source=stackshare.io/match
Senior Data Observability Engineer,"New York, New York",False,Cherre,http://cherre.com,True,https://jobs.lever.co/cherre/739f1611-418e-4161-825c-e900dbca14b1?lever-source=stackshare.io/match
Senior Data Architect,"New York, New York",False,Cherre,http://cherre.com,True,https://jobs.lever.co/cherre/a15250eb-9145-4b43-bc04-307cdaeb805f?lever-source=stackshare.io/match
"Data Engineer, Remote","New York, New York",False,Cherre,http://cherre.com,True,https://jobs.lever.co/cherre/262388ce-df33-4f51-ab11-59f02d8482ae?lever-source=stackshare.io/match
"Lead Security Engineer, Detection and Response",New York City -  first in US,True,Circle,http://www.circle.com,False,https://boards.greenhouse.io/circle/jobs/7305027002
Developer Advocate,"New York, NY; United States-",True,Sisense,http://sisense.com,True,https://www.sisense.com/careers/5853322?gh_jid=5853322
Staff Software Engineer - AAA Identity,"Boston, MA, United States; New York, NY, United States",False,Datadog,https://www.datadoghq.com/,True,https://careers.datadoghq.com/detail/5856471/?gh_jid=5856471
Software Engineer - Package Management,"New York, New York, USA",False,Datadog,https://www.datadoghq.com/,True,https://careers.datadoghq.com/detail/4452860/?gh_jid=4452860
"Senior Software Engineer, Storage","New York City, NY",False,reddit,http://www.reddit.com/,True,https://boards.greenhouse.io/reddit/jobs/5855363
Senior Solutions Engineer,New York City,False,Mixpanel,https://mixpanel.com/?utm_source=stackshare,True,https://ats.comparably.com/api/v1/gh/mixpanel?gh_jid=5856325
Senior Software Engineer - Hotels / Commercial Enablement,New York City,False,Hopper,http://www.hopper.com/,False,https://jobs.lever.co/hopper/c1fe68e3-afbc-4525-85e2-24fff1fd55d5?lever-source=stackshare.io/match
Principal Database Automation Engineer,"New York, New York, United States",False,DriveWealth,http://drivewealth.com,False,https://boards.greenhouse.io/drivewealth/jobs/5934244003?gh_jid=5934244003
"Manager, Software Engineering (Identity & Access Management)","San Francisco, CA • New York, NY • United States",False,Figma,https://www.figma.com,True,https://boards.greenhouse.io/figma/jobs/5059458004
Software Engineer II,"New York, NY",False,Bubble,http://www.bubbleapp.fr,True,https://boards.greenhouse.io/bubble/jobs/7274163002
Software Engineer (1697),"New York, New York, USA",False,Collibra,https://www.collibra.com,True,https://www.collibra.com/career-indv?gh_jid=5851459
Senior Value Engineer - Insurance ,"New York, US, New York",False,Celonis,https://www.celonis.com/,True,https://boards.greenhouse.io/celonis/jobs/5862535003
Application Product Manager - System Transformation,"New York, US, New York",False,Celonis,https://www.celonis.com/,True,https://boards.greenhouse.io/celonis/jobs/5928647003
Senior Software Engineer - Backend,"New York, NYC",False,Nextdoor,http://nextdoor.com,False,https://about.nextdoor.com/careers-list/?gh_jid=4980947
Staff ML Accelerator Architect,"Mountain View (US-MTV-RLS1), New York City (US-NYC-9TH)",False,Waymo,https://waymo.com,False,https://waymo.com/joinus/5798778/?gh_jid=5798778
BI Engineer II,"New York, NY",False,ZipRecruiter,http://ziprecruiter.com,False,https://boards.greenhouse.io/ziprecruiter/jobs/5841998
Senior UX Designer/Architect ,"New York, NY",False,Harry's,http://harrys.com,False,https://boards.greenhouse.io/harrys/jobs/5850098
Senior Android Software Engineer,"New York, NY",False,Duolingo,http://duolingo.com,False,https://boards.greenhouse.io/duolingo/jobs/7301590002
Technical Program Manager (Engineering),New York,False,Aircall,https://aircall.io,True,https://jobs.lever.co/aircall/e5dc15ec-8e17-49a6-a431-2734448015e0?lever-source=stackshare.io/match
"Senior Software Engineer, Infrastructure","New York City, United States",False,Aura,http://auraphp.com/,False,https://auraframes.com/careers?gh_jid=4090425002
Infrastructure Engineer,"San Francisco, CA;New York, NY;Atlanta, GA;Chicago, IL;Los Angeles, CA;Seattle, WA; Denver, CO; ",True,Gusto,https://gusto.com/,True,https://boards.greenhouse.io/gusto/jobs/5549672
"Senior Software Engineer, Routing","New York, NY",False,Lyft,http://www.lyft.me/,True,https://app.careerpuck.com/job-board/lyft/job/7022159002?gh_jid=7022159002
Senior Sales Engineer - MDR,"New York, NY",False,Sophos,https://sophos.com,False,https://jobs.lever.co/sophos/607337a6-ca4f-4c05-b847-96a6c1376366?lever-source=stackshare.io/match
"Staff Software Engineer, Data Platform/Search","New York City, NY",False,DISCO,https://disco.ac,False,https://www.csdisco.com/careers-listing?gh_jid=7298601002
"Staff Software Architect, UI","New York City, New York",False,DISCO,https://disco.ac,False,https://www.csdisco.com/careers-listing?gh_jid=7280918002
"Software Engineer III, UI","New York City, New York",False,DISCO,https://disco.ac,False,https://www.csdisco.com/careers-listing?gh_jid=7124254002
"Software Engineer III, Backend","New York City, New York",False,DISCO,https://disco.ac,False,https://www.csdisco.com/careers-listing?gh_jid=7298829002
"Senior Software Engineer, Platform","New York City, New York",False,DISCO,https://disco.ac,False,https://www.csdisco.com/careers-listing?gh_jid=7106003002
"Principal Software Engineer, Platform","New York City, New York",False,DISCO,https://disco.ac,False,https://www.csdisco.com/careers-listing?gh_jid=7073727002
Channel Solutions Engineer,"New York, NY, United States",False,Netskope,http://www.netskope.com/,False,https://www.netskope.com/company/careers/open-positions/?gh_jid=5832486
Value Engineer- Manufacturing,"New York, US, New York",False,Celonis,https://www.celonis.com/,True,https://boards.greenhouse.io/celonis/jobs/5923207003
"Software Engineer, Workforce Management ","New York, New York",False,Justworks,http://justworks.com,False,https://boards.greenhouse.io/justworks/jobs/5792374?gh_jid=5792374
"Senior Software Engineer, Workforce Management ","New York, New York",False,Justworks,http://justworks.com,False,https://boards.greenhouse.io/justworks/jobs/5792380?gh_jid=5792380
"Engineering Manager, Security Operations","New York, New York",False,SeatGeek,https://seatgeek.com,True,https://seatgeek.com/jobs/4316538?gh_jid=4316538
"Senior Software Engineer, Backup",New York City,False,MongoDB,http://www.mongodb.com/,True,https://www.mongodb.com/careers/job/?gh_jid=5312236
Software Engineer - Java,"New York, NY",False,Squarespace,http://www.squarespace.com,True,http://www.squarespace.com/about/careers?gh_jid=5595908
Software Engineer - Backend,"New York City, NY or San Francisco, CA ",False,merge,https://github.com/yeikos/js.merge,False,https://boards.greenhouse.io/merge/jobs/4069258004
IT Services Engineer ,"New York, New York",False,ITHAKA,https://ithaka.org,False,https://www.ithaka.org/job/4396347005?gh_jid=4396347005
Software Engineer III - Middlewares, - New York,True,Fanatics,https://fanatics.com,False,https://jobs.lever.co/fanatics/58da45be-0a7f-4825-8b8e-06aa0772dda5?lever-source=stackshare.io/match
Software Engineer III - Data Platform Engineer - Storage, - New York,True,Fanatics,https://fanatics.com,False,https://jobs.lever.co/fanatics/a33118b2-0ce1-40ab-b090-5bb2eacc1852?lever-source=stackshare.io/match
Principal Engineer, - New York,True,Fanatics,https://fanatics.com,False,https://jobs.lever.co/fanatics/088e00ae-9296-403e-bfff-311f428a1996?lever-source=stackshare.io/match
Senior Data Center Engineer,New York,False,IEX,http://iextrading.com,False,https://iex.io/careers/apply?gh_jid=5651739
Principal Security Engineer,"SF, NYC - Hybrid",False,HOVER,http://hover.to,True,https://hover.to/job-posts/5830289/?gh_jid=5830289
Staff DevOps Engineer,New York,False,FanDuel,http://www.fanduel.com,True,https://www.fanduel.careers/open-positions?gh_jid=5842241
Software Engineering Intern - Summer 2024,"New York, New York, United States",False,Affirm,http://affirm.com,True,https://boards.greenhouse.io/affirm/jobs/5794722003
Senior DevOps Engineer,New York,False,FanDuel,http://www.fanduel.com,True,https://www.fanduel.careers/open-positions?gh_jid=5842206
Sensor Machine Learning Engineer,"New York, NY",False,Osmo,http://playosmo.com,False,https://boards.greenhouse.io/osmo/jobs/4350326006?gh_jid=4350326006
Senior Site Reliability Engineer,New York City,False,MongoDB,http://www.mongodb.com/,True,https://www.mongodb.com/careers/job/?gh_jid=5841891
Consulting Engineer - Atlas Migration Services,New York City &  North America,True,MongoDB,http://www.mongodb.com/,True,https://www.mongodb.com/careers/job/?gh_jid=5731248
System Security Engineer,New York or ,True,Kalshi,https://www.kalshi.com/,True,https://kalshi.com/careers/job?gh_jid=5928032003
Frontend Engineer,New York or ,True,Kalshi,https://www.kalshi.com/,True,https://kalshi.com/careers/job?gh_jid=5705926003
Manager of Engineering,"New York, NY",False,FreedomCare,https://freedomcareny.com,False,https://freedomcare.com/jobs/5921431003?gh_jid=5921431003
"Senior Front End Engineer, Financial Products and Infrastructure","San Francisco, CA; Santa Clara, CA; New York, NY",False,Carta,https://carta.com,False,https://boards.greenhouse.io/carta/jobs/5927679003
"Senior Software Engineer, In-App Messages",New York,False,Braze,https://www.braze.com/,True,https://boards.greenhouse.io/braze/jobs/5835163?gh_jid=5835163
"Software Engineer, Product Infrastructure","San Francisco, California; New York, New York;",False,Notion,https://www.notion.so,False,https://boards.greenhouse.io/notion/jobs/5715052003
Staff Resident Engineer,"Brooklyn, NY, United States",False,Infoblox,http://www.infoblox.com/en/home.html,False,http://app.jobvite.com/CompanyJobs/Job.aspx?c=qb59Vfw4&j=ocNrmfww
"Software Engineer, DeployX","Menlo Park, CA or Bellevue, WA or New York City, NY",False,Robinhood,http://www.robinhood.com,True,https://boards.greenhouse.io/robinhood/jobs/5814714?t=gh_src=&gh_jid=5814714
"Senior DevOps Engineer, Application Framework",New York,False,FanDuel,http://www.fanduel.com,True,https://www.fanduel.careers/open-positions?gh_jid=5835283
Engineering Manager - Employer Recordkeeping,Betterment HQ - New York City,False,Betterment,http://www.betterment.com,False,https://www.betterment.com/careers/current-openings/job?gh_jid=5814534&gh_jid=5814534
Senior Technical Curriculum Developer,"New York, USA, ",True,Datadog,https://www.datadoghq.com/,True,https://careers.datadoghq.com/detail/5835228/?gh_jid=5835228
Web Engineer - Marketing ,"New York, NY ",False,fuboTV,http://www.fubo.tv,True,https://careers.fubo.tv/fubotv-job-openings/?gh_jid=5835175
"Manager I, Engineering - Database Monitoring","New York, New York USA",False,Datadog,https://www.datadoghq.com/,True,https://careers.datadoghq.com/detail/5832568/?gh_jid=5832568
Salesforce Engineering Manager,"San Francisco, CA; Denver, CO; New York, NY; ",True,Gusto,https://gusto.com/,True,https://boards.greenhouse.io/gusto/jobs/5606174
"Senior Software Engineer, Frontend","New York, NY",False,Squarespace,http://www.squarespace.com,True,http://www.squarespace.com/about/careers?gh_jid=5834688
Lead Software Engineer,"New York, NY",False,Instnt,https://www.instnt.org,True,https://boards.greenhouse.io/instnt/jobs/7292898002
CPQ Developer,"San Francisco, CA; Santa Clara, CA; New York, NY; Seattle, WA; Salt Lake City, UT; , USA",True,Carta,https://carta.com,False,https://boards.greenhouse.io/carta/jobs/5925745003
Senior Staff Data Architect,New York,False,FanDuel,http://www.fanduel.com,True,https://www.fanduel.careers/open-positions?gh_jid=5831069
"[TECH] Snr. Director of Engineering, Growth Alliance ",NYC,False,HelloFresh,http://www.hellofresh.com,True,https://careers.hellofresh.com/global/en/job/5830135?gh_jid=5830135
"Senior Software Engineer, Container Orchestration","Menlo Park, CA or Bellevue, WA or New York City, NY",False,Robinhood,http://www.robinhood.com,True,https://boards.greenhouse.io/robinhood/jobs/5813699?t=gh_src=&gh_jid=5813699
"Principal Engineer, Members","New York, New York, United States",False,CLEAR,http://clearme.com,False,https://boards.greenhouse.io/clear/jobs/5830615
Senior Software Engineer - Justwork Time Tracking,"New York, New York",False,Justworks,http://justworks.com,False,https://boards.greenhouse.io/justworks/jobs/5767338?gh_jid=5767338
Senior Infrastructure Engineer,"New York, New York",False,Justworks,http://justworks.com,False,https://boards.greenhouse.io/justworks/jobs/5716229?gh_jid=5716229
Staff Site Reliability Engineer - Platform Observability,"New York City, NY",False,Fastly,http://www.fastly.com,True,https://www.fastly.com/about/jobs/apply/?gh_jid=5831850
Senior Test Automation Engineer ,"Los Angeles, New York, or US ",True,Ghost,https://ghost.org,True,https://www.ghst.io/jobs?gh_jid=4393080005
"Manager 2, Premier Support Engineering - NYC","New York, New York, USA",False,Datadog,https://www.datadoghq.com/,True,https://careers.datadoghq.com/detail/5808420/?gh_jid=5808420
Senior Security Engineer - Detection and Response,"New York City, NY",False,Fastly,http://www.fastly.com,True,https://www.fastly.com/about/jobs/apply/?gh_jid=5831061
Senior Frontend Engineer,"Brooklyn, New York or ",True,Whop,https://whop.com/,False,https://careers.whop.com?gh_jid=4160762007
"Software Engineer, Data Platform","New York City, NY or San Francisco, CA",False,merge,https://github.com/yeikos/js.merge,False,https://boards.greenhouse.io/merge/jobs/5132760004
"Engineering Manager, Vulnerability Management","New York, US",False,Lacework,https://lacework.com,False,https://www.lacework.com/careers/job-openings?gh_jid=5119037004
Sales Engineer - NYC ," - New York, USA",True,Zscaler,http://www.zscaler.com,True,https://boards.greenhouse.io/zscaler/jobs/4307559007
Senior Systems Engineer,"San Francisco, CA • New York, NY • United States",False,Figma,https://www.figma.com,True,https://boards.greenhouse.io/figma/jobs/5117752004
Staff Data Architect,New York,False,FanDuel,http://www.fanduel.com,True,https://www.fanduel.careers/open-positions?gh_jid=5828852
"Senior Data Engineer, Blockchain",New York City -  first in US,True,Circle,http://www.circle.com,False,https://boards.greenhouse.io/circle/jobs/7289898002
Sr. .Net Azure Engineer,US - New York,False,Capco,http://www.capco.com,False,https://boards.greenhouse.io/capco/jobs/5826308
Senior DevOps Engineer - DevSecOps,"NY, VT or  (US/Eastern time)",True,EnergyHub,http://energyhub.com,False,https://www.energyhub.com/careers/job-listings?gh_jid=6308410002
"Backend / API Engineer, Treasury",New York City,False,Stripe,https://stripe.com/,True,https://stripe.com/jobs/search?gh_jid=5390126
Head of Technical Escalations Engineering,"New York, New York, USA",False,Datadog,https://www.datadoghq.com/,True,https://careers.datadoghq.com/detail/5827304/?gh_jid=5827304
Staff Security Engineer - Detection and Response,"New York City, NY",False,Fastly,http://www.fastly.com,True,https://www.fastly.com/about/jobs/apply/?gh_jid=5829394
"Product Marketing Manager, Developer Experience",New York City,False,MongoDB,http://www.mongodb.com/,True,https://www.mongodb.com/careers/job/?gh_jid=5803754
IT/AV Support Engineer,"New York City, New York, United States",False,WPP,https://wpp.com,False,https://boards.greenhouse.io/wpp/jobs/7286926002
"Manager, Engineering I - Workspaces","New York, New York, USA",False,Datadog,https://www.datadoghq.com/,True,https://careers.datadoghq.com/detail/5817360/?gh_jid=5817360
"Engineering Lead, Application Experiences","New York, New York, United States",False,Level,https://www.levelbenefits.com/,True,https://boards.greenhouse.io/level/jobs/5923143003
"Sr. Staff Engineer, DEM","New York, NY, United States",False,Netskope,http://www.netskope.com/,False,https://www.netskope.com/company/careers/open-positions/?gh_jid=5820154
"Software Engineer, Frontend",New York City -  first in US,True,Circle,http://www.circle.com,False,https://boards.greenhouse.io/circle/jobs/7276303002
"Manager, Software Engineering",New York City -  first in US,True,Circle,http://www.circle.com,False,https://boards.greenhouse.io/circle/jobs/7269561002
IT Engineer I,"New York, New York",False,SEVENROOMS,http://sevenrooms.com,False,https://boards.greenhouse.io/sevenrooms/jobs/7280103002
Senior Site Reliability Engineer,NYC or ,True,Olo,https://www.olo.com,True,https://jobs.lever.co/olo/ba240299-6dfa-4129-a7f1-73a65d5dea0a?lever-source=stackshare.io/match
Staff Site Reliability Engineer - Data,"New York City, NY",False,Fastly,http://www.fastly.com,True,https://www.fastly.com/about/jobs/apply/?gh_jid=5824543
"Senior Engineer, DevOps","New York, New York, United States",False,MoneyLion,https://www.moneylion.com/,True,https://www.moneylion.com/careers-apply?gh_jid=5131098004
Senior Backend Scala Engineer,"New York, New York, United States",False,MoneyLion,https://www.moneylion.com/,True,https://www.moneylion.com/careers-apply?gh_jid=5131077004
Investments Quant Developer,"New York, NY",False,ghd,https://ghdhair.com,False,https://boards.greenhouse.io/ghd/jobs/5814575
IT Operations Manager,New York - New York,False,Fanatics,https://fanatics.com,False,https://jobs.lever.co/fanatics/002780bd-cdc9-4835-b5ce-cc8d06a953cb?lever-source=stackshare.io/match
Support Engineer,"New York, NY",False,Retool,https://retool.com/,True,https://boards.greenhouse.io/retool/jobs/4392106005
Specialist Solutions Architect - HLS, - New York,True,Databricks,https://databricks.com/,False,https://databricks.com/company/careers/open-positions/job?gh_jid=7287297002
Senior Security Engineer - Detection and Response,"New York City, NY",False,Fastly,http://www.fastly.com,True,https://www.fastly.com/about/jobs/apply/?gh_jid=5624478
"Manager, Software Engineering (Frontend Platform) ","San Francisco, CA • New York, NY • United States",False,Figma,https://www.figma.com,True,https://boards.greenhouse.io/figma/jobs/5127715004
"Sales Engineering, Intern",New York City -  first in US,True,Circle,http://www.circle.com,False,https://boards.greenhouse.io/circle/jobs/7284493002
Senior Cloud Security Engineer,New York,False,FanDuel,http://www.fanduel.com,True,https://www.fanduel.careers/open-positions?gh_jid=5808448
"Software Engineer, DevX","Menlo Park, CA or Bellevue, WA or New York City, NY",False,Robinhood,http://www.robinhood.com,True,https://boards.greenhouse.io/robinhood/jobs/5794425?t=gh_src=&gh_jid=5794425
Security Engineer,Betterment HQ - New York City,False,Betterment,http://www.betterment.com,False,https://www.betterment.com/careers/current-openings/job?gh_jid=5803334&gh_jid=5803334
IT Systems Engineer,Betterment HQ - New York City,False,Betterment,http://www.betterment.com,False,https://www.betterment.com/careers/current-openings/job?gh_jid=5805244&gh_jid=5805244
IT Support Administrator,Betterment HQ - New York City,False,Betterment,http://www.betterment.com,False,https://www.betterment.com/careers/current-openings/job?gh_jid=5805243&gh_jid=5805243
Senior Network Engineer ,"New York, New York",False,Justworks,http://justworks.com,False,https://boards.greenhouse.io/justworks/jobs/5767328?gh_jid=5767328
Full Stack Web Developer,"New York, New York, United States",False,Aura,http://auraphp.com/,False,https://auraframes.com/careers?gh_jid=7284914002
Senior Solutions Engineer,"New York, New York, United States",False,MoneyLion,https://www.moneylion.com/,True,https://www.moneylion.com/careers-apply?gh_jid=5130244004
"Software Engineer, Web Performance","San Francisco, California; New York, New York;",False,Notion,https://www.notion.so,False,https://boards.greenhouse.io/notion/jobs/5602936003
Sr. Solutions Architect - Financial Services,New York,False,Databricks,https://databricks.com/,False,https://databricks.com/company/careers/open-positions/job?gh_jid=7274581002
Integration Engineer ,"New York, San Fransisco, US  ",True,Stripe,https://stripe.com/,True,https://stripe.com/jobs/search?gh_jid=5500730
"Director, Engineering - Release Platform","New York City, New York USA",False,Datadog,https://www.datadoghq.com/,True,https://careers.datadoghq.com/detail/5809055/?gh_jid=5809055
Solutions Engineer (d/f/m),"New York, New York",False,vivenu,https://vivenu.com/,True,https://jobs.lever.co/vivenu/0bab98c7-c592-4cb7-aedb-55ecde7de9c1?lever-source=stackshare.io/match
Staff Backend Scala Engineer,"New York, New York, United States",False,MoneyLion,https://www.moneylion.com/,True,https://www.moneylion.com/careers-apply?gh_jid=4972524004
"Software Engineer, Calendar ","New York, New York",False,Notion,https://www.notion.so,False,https://boards.greenhouse.io/notion/jobs/5620860003
"Staff Software Engineer, Full Stack","SF, NYC - Hybrid",False,HOVER,http://hover.to,True,https://hover.to/job-posts/5637762/?gh_jid=5637762
"Software Engineer, FigJam","San Francisco, CA • New York, NY • United States",False,Figma,https://www.figma.com,True,https://boards.greenhouse.io/figma/jobs/5118687004
"ML Engineer, Search ","San Francisco, CA • New York, NY • Seattle, WA • United States",False,Figma,https://www.figma.com,True,https://boards.greenhouse.io/figma/jobs/5097904004
"Software Engineering Manager, Application Framework",New York,False,FanDuel,http://www.fanduel.com,True,https://www.fanduel.careers/open-positions?gh_jid=5802183
"Senior Engineering Manager, Patient Platform","New York, NY, United States",False,ZocDoc,http://www.zocdoc.com,True,https://www.zocdoc.com/about/careers/?job_id=5744147&gh_jid=5744147
"Senior Software Engineer, Data (Liquidity)","New York, NY, United States",False,Ripple,http://ripple.com,True,https://ripple.com/careers/all-jobs/job/5802860?gh_jid=5802860
Staff Software Engineer - Load and Fault,"Menlo Park, CA; New York City, NY; Bellevue, WA",False,Robinhood,http://www.robinhood.com,True,https://boards.greenhouse.io/robinhood/jobs/4828298?t=gh_src=&gh_jid=4828298
Platform Engineer,"New York, US, New York",False,Celonis,https://www.celonis.com/,True,https://boards.greenhouse.io/celonis/jobs/5919278003
Associate Value Engineer,"New York, US, New York",False,Celonis,https://www.celonis.com/,True,https://boards.greenhouse.io/celonis/jobs/5674380003
"Senior Mobile Engineer, iOS","New York, New York, United States (Hybrid)",False,CLEAR,http://clearme.com,False,https://boards.greenhouse.io/clear/jobs/5802747
"Engineering Manager, Payments","New York, New York",False,Justworks,http://justworks.com,False,https://boards.greenhouse.io/justworks/jobs/5348566?gh_jid=5348566
"Senior Software QA Engineer, Tools",New York City,False,MongoDB,http://www.mongodb.com/,True,https://www.mongodb.com/careers/job/?gh_jid=5801426
"Engineering Manager, Webhooks & Events","Seattle, SF, NYC, US-",True,Stripe,https://stripe.com/,True,https://stripe.com/jobs/search?gh_jid=5694227
"Staff Software Engineer, User Platform (Frontend)","New York, NY",False,Squarespace,http://www.squarespace.com,True,http://www.squarespace.com/about/careers?gh_jid=5802464
Solutions Engineer,"New York City, New York",False,Mixpanel,https://mixpanel.com/?utm_source=stackshare,True,https://ats.comparably.com/api/v1/gh/mixpanel?gh_jid=5785891
Staff Software Engineer - Frontend Platform,Betterment HQ - New York City,False,Betterment,http://www.betterment.com,False,https://www.betterment.com/careers/current-openings/job?gh_jid=5792800&gh_jid=5792800
"Principal Engineer, Core Platform","New York City, NY",False,reddit,http://www.reddit.com/,True,https://boards.greenhouse.io/reddit/jobs/5800718
Security Engineer,NYC or ,True,Olo,https://www.olo.com,True,https://jobs.lever.co/olo/9aa364b4-747d-46f7-8ceb-ee300be07e14?lever-source=stackshare.io/match
"Director, Engineering - Resources Platform","New York, New York, USA",False,Datadog,https://www.datadoghq.com/,True,https://careers.datadoghq.com/detail/5652252/?gh_jid=5652252
Principal Machine Learning Engineer,"New York City, NY",False,Xometry,http://xometry.com,False,https://boards.greenhouse.io/xometry/jobs/4223610007
Solutions Architect,San Francisco OR  NYC ,True,Airbyte,https://airbyte.io,True,https://boards.greenhouse.io/airbyte/jobs/5121558004
"Senior Full-Stack Engineer, Product Experience (New York City)",United States - New York ,False,Forter,https://forter.com,False,https://boards.greenhouse.io/forter/jobs/7278780002
Senior / Staff Software Engineer - AI Platform,"New York, New York, United States",False,AlphaSense,https://www.alpha-sense.com,True,https://boards.greenhouse.io/alphasense/jobs/7278805002
"Senior Fullstack Engineer, Remote","New York, New York",False,Cherre,http://cherre.com,True,https://jobs.lever.co/cherre/878d0e01-c51c-46a6-80cb-0c05badc05f3?lever-source=stackshare.io/match
Staff Software Engineer (Data),"New York, NY",False,Luminate,http://luminate.com,False,https://luminatedata.com/careers-list/4388371005?gh_jid=4388371005
Senior Software Engineer,"New York City, NY",False,Luminate,http://luminate.com,False,https://luminatedata.com/careers-list/4388365005?gh_jid=4388365005
Senior Engineering Manager - Machine Learning and Software Engineering,"New York, New York, United States (In-Office)",False,CLEAR,http://clearme.com,False,https://boards.greenhouse.io/clear/jobs/5796035
Desktop Support Engineer,New York,False,Adyen,https://www.adyen.com/home,True,https://boards.greenhouse.io/adyen/jobs/5781793
Senior Salesforce Engineer,"New York, NY",False,Amplitude,https://amplitude.com/,True,https://boards.greenhouse.io/amplitude/jobs/7279142002
"Manager, Engineering I - AAA User","New York, New York, USA;",False,Datadog,https://www.datadoghq.com/,True,https://careers.datadoghq.com/detail/5796288/?gh_jid=5796288
Application Security Engineer III,New York - New York,False,Fanatics,https://fanatics.com,False,https://jobs.lever.co/fanatics/573b9356-f9c3-4a87-aca3-fc068e115c22?lever-source=stackshare.io/match
Network TV News Writer,"New York City, NY",False,Collider,https://collider.com,False,http://collider.applytojob.com/apply/yj3c78j2aq/Network-TV-News-Writer
Senior Software Engineer (Transfer Networks),"San Francisco Bay Area, New York City",False,FalconX,http://falconx.io,True,https://boards.greenhouse.io/falconx/jobs/4367814005
Senior Value Engineer- FSI,"New York, US, New York",False,Celonis,https://www.celonis.com/,True,https://boards.greenhouse.io/celonis/jobs/5862534003
Senior Machine Learning Engineer,"New York City, NY",False,Kensho,http://kensho.com,False,https://jobs.lever.co/kensho/341a6c7b-0750-4dd9-85dd-cf336b419440?lever-source=stackshare.io/match
Senior Enterprise Architect,"New York, US, New York",False,Celonis,https://www.celonis.com/,True,https://boards.greenhouse.io/celonis/jobs/5914127003
Staff Software Engineer,"New York, New York, United States (Hybrid)",False,CLEAR,http://clearme.com,False,https://boards.greenhouse.io/clear/jobs/5792664
